sku,name,rrp_inc_gst,rrp_ex_gst,retailer_ex_gst,retailer_pct_of_rrp_ex,discount_off_rrp_ex_pct,markup_rrp_over_retailer_pct
"GS-ERX-ETT GROUP","LTWOO eRX-eTT 2x10-12 SPD Groupset | Genuine Factory Boxed | Time Trial",1149,1044.55,858,82.1,17.9,21.7
GS-GR9-GROUP,"LTWOO GR9 Groupset | 11 SPD Gravel | Disc Brakes | Mech Gears",375,340.91,262.74,77.1,22.9,29.8
RD-ER1203-M-C,"eRX Rear Derailleur | 10-12 SPD | Standard Pulley Wheel | Carbon Cage | 32t Max",329,299.09,230,76.9,23.1,30
GS-ERX3-OP-GB,"LTWOO eRX 2x10-12 SPD Groupset | Genuine Factory Boxed",1045,950,729.91,76.8,23.2,30.2
RD-ER1203-OP,"eRX Rear Derailleur | 10-12 SPD | Oversize Pulley Wheel | Carbon Cage | 36t Max",345,313.64,240,76.5,23.5,30.7
ST-EG1202-R-C,"eGR Shifter | ST-EG1202-R-C | 10-12 speed | Carbon | Right",187,170,124.62,73.3,26.7,36.4
GS-EGR13-GB,"LTWOO eGR Groupset 1x10-13 SPD Gravel | Genuine Factory Boxed",729,662.73,481.67,72.7,27.3,37.6
ST-EG1202-L-C,"eGR Shifter | ST-EG1202-L-C | 10-12 speed | Carbon",149,135.45,98.27,72.5,27.5,37.8
RD-EG1301-M-A,RD-EG1301-M-A,279,253.64,183.67,72.4,27.6,38.1
RD-EG1201-M-A,"eGR Rear Derailleur | 10-13SPD | Wireless | Type C Charging Port | 51t Max",279,253.64,183.67,72.4,27.6,38.1
FD-ER1204,"eRX Front Derailleur | 10-12x2 SPD | Direct Mount",199,180.91,130,71.9,28.1,39.2
BT-ER01,"eRX/eR9/eR7 Seat Tube Battery Kit | Includes Holder, Batteries, Cables, Charging Cable",129,117.27,84,71.6,28.4,39.6
ST-ER1202-R,"eRX Shift/Brake Lever | 10-12 SPD | Right Side | Carbon Lever",260,236.36,169,71.5,28.5,39.9
ST-ER1202-2L,"eRX Shift/Brake Lever | 10-12 SPD | Left Side | Carbon Lever",260,236.36,169,71.5,28.5,39.9
BR-R07A-160R,"Hydraulic Brake Caliper | BR-R07A-R-160 | Rear | Flat Mount",85,77.27,54.6,70.7,29.3,41.5
BR-R04A-160F,"Hydraulic Brake Caliper | Front | Direct Mount | For 160mm Rotor",85,77.27,54.6,70.7,29.3,41.5
ST-GR1211-R,"Shift/Hydraulic Brake Lever | ST-GR1211-R-C | Right Side | Carbon Lever | 1x12 SPD",235,213.64,143.1,67,33,49.3
ST-GR1211-L,"Shift/Hydraulic Brake Lever | ST-GR1211-L-C | Left Side | Carbon Lever | 12x1 SPD",235,213.64,143.1,67,33,49.3
RD-GR1211-L-A,"GRT Rear Derailleur | RD-GR1211-L-C | 12 SPD 11-50t | Carbon Cage",119,108.18,67.54,62.4,37.6,60.2
GS-GRT-GROUP,"LTWOO GRT Groupset 12 SPD Gravel | Disc Brakes | Mech Gears",599,544.55,330.8,60.7,39.3,64.6
ST-GR1105-L,"GR9 Shift/Hydraulic Brake Lever | ST-GR1105-L | Left Side | 11x1 SPD",115,104.55,62,59.3,40.7,68.6
ST-GR1105-R,"GR9 Shift/Hydraulic Brake Lever | ST-GR1105-R | Right Side | 1x11 SPD",119,108.18,64,59.2,40.8,69
CS-M1200-46T,"Cassette 12 SPD 11-46T",89,80.91,45,55.6,44.4,79.8
CS-M1200-50T,"Cassette 12 SPD 11-50T",89,80.91,45,55.6,44.4,79.8
RD-GR1111-L-A,"GR9 Rear Derailleur | RD-GR1111-L-A | 11 SPD | Alloy Cage",109,99.09,55,55.5,44.5,80.2
SL-A0927-2L,"A5 Shift Lever |",32,29.09,16,55,45,81.8
SL-A1016-3L,"A7 Shift Lever | SL-A1016-3L | Left | 9 SPD | SHIM",34,30.91,17,55,45,81.8
CS-M0900-32T,"Cassette 9 SPD 11-32T",50,45.45,25,55,45,81.8
CS-M0900-34T,"Cassette 9 SPD 11-34T",50,45.45,25,55,45,81.8
CS-M0900-36T,"Cassette 9 SPD 11-36T",50,45.45,25,55,45,81.8
CS-M0900-42T,"Cassette 9 SPD 11-42T",50,45.45,25,55,45,81.8
CS-M1000-42T,"Cassette 10 SPD 11-42T",72,65.45,36,55,45,81.8
CS-M1000-46T,"Cassette 10 SPD 11-46T",72,65.45,36,55,45,81.8
RD-A0902-L,"A5 Rear Derailleur | Long Cage | Max. 42T Sprocket | 9 SPD | SHIM",50,45.45,25,55,45,81.8
RD-A1010-S,"A7 Rear Der | Short | 10 SPD",64,58.18,32,55,45,81.8
RD-A0902-M,"A5 Rear Derailleur | Medium Cage | Max. 34T Sprocket | 9 SPD | SHIM",57,51.82,28.5,55,45,81.8
RD-A0902-LX,"A5 Rear Derailleur | XLong Cage | Max. 42T Sprocket | 9 SPD | SRAM",64,58.18,32,55,45,81.8
BR-M01-R,"Hydraulic Brake Caliper | BR-M01B-160R | Rear | 4 Piston",72,65.45,36,55,45,81.8
BR-M01-F,"Hydraulic Brake Caliper | BR-M01B-160F | Front | 4 Piston",72,65.45,36,55,45,81.8
SW-ERT1200-R,"eRX-eTT Remote Electronic Shifter | SW-ERT1200-R | 10-12 SPD | Right Side",224,203.64,112,55,45,81.8
SW-ERT1200-L,"eRX-eTT Remote Electronic Shifter | SW-ERT1200-2L | 10-12x2 SPD | Left Side",224,203.64,112,55,45,81.8
ST-R1105-R,"R9 Shift/Cable Brake Lever | ST-R1105-R | 11x2 SPD Right Side",144,130.91,72,55,45,81.8
ST-R1105-2L,"R9 Shift/Cable Brake Lever | ST-R1105-2L | 11x2 SPD Left Side",144,130.91,72,55,45,81.8
ST-R1103-R,"R9 Shift/Hydraulic Brake Lever | ST-R1103-R | 11x2 SPD Right Side",178,161.82,89,55,45,81.8
ST-R1103-2L,"R9 Shift/Hydraulic Brake Lever | ST-R1103-2L | 11x2 SPD Left Side",178,161.82,89,55,45,81.8
ST-R1005-R,"R7 Shift/Cable Brake Lever | ST-R1005-R | 10x2 SPD Right Side",112,101.82,56,55,45,81.8
ST-R1005-2L,"R7 Shift/Cable Brake Lever | ST-R1005-2L | 10x2 SPD | Left Side",112,101.82,56,55,45,81.8
ST-R0705-R,"R2 Shift/Brake Lever | ST-R0705-R | 7 SPD | Right Side | Cable Brake",70,63.64,35,55,45,81.8
ST-R0705-2L,"R2 Shift/Brake Lever | ST-R0705-2L | 2 SPD | Left Side | Cable Brake",70,63.64,35,55,45,81.8
ST-R0703-R,"R2 Shift/Brake Lever | ST-R0703-R | 7 SPD | Right Side | Junior/Compact Grip",76,69.09,38,55,45,81.8
ST-R0703-L,"R2 Brake Lever | ST-R0703-L | Left Side | Use with ST-R0703-R for 1x7 SPD | Junior/Compact Grip",64,58.18,32,55,45,81.8
ST-R0703-2L,"R2 Shift/Brake Lever | ST-R0703-2L | 7x2 SPD | Left Side | Junior/Compact Grip",76,69.09,38,55,45,81.8
ST-ERT1201-R-C,"eRX-eTT Shift/Brake Lever | SW-ERT1201-R-C | 10-12 SPD | Right Side",294,267.27,147,55,45,81.8
ST-ERT1201-L,"eRX-eTT Shift/Brake Lever | ST-ERT1201-2L-C | 10-12x2 SPD | Left Side",294,267.27,147,55,45,81.8
ST-A0910-R,"A5 Shift/Brake Lever | ST-A0910-R | 9 SPD | Right Side | SHIM",34,30.91,17,55,45,81.8
ST-A0910-3L,"A5 Shift/Brake Lever | ST-A0910-3L | 9x3 SPD | Left Side | SHIM",34,30.91,17,55,45,81.8
ST-A0810-R,"A3 Shift/Brake Lever | ST-A0810-R-2 | 8 SPD | Right-Side | Shim 2:1",31,28.18,15.5,55,45,81.8
ST-A0810-3L,"A3 Shift/Brake Lever | ST-A0810-3L | 8x3 SPD | Left-Side | Shim 2:1",31,28.18,15.5,55,45,81.8
SL-A1206-R,SL-A1206-R,56,50.91,28,55,45,81.8
SL-A1116-R,SL-A1116-R,42,38.18,21,55,45,81.8
SL-A1116-2L,SL-A1116-2L,34,30.91,17,55,45,81.8
SL-A1016-R,"A7 Shift Lever | SL-A1016-R | Right | 10x2 SPD",38,34.55,19,55,45,81.8
SL-A1016-2L,"A7 Shift Lever | SL-A1016-2L | Left | 2x10 SPD",34,30.91,17,55,45,81.8
SL-A1006-R,"A7 Shift Lever | SL-A1006-R | Right | 10 x 1 SPD | No Window",38,34.55,19,55,45,81.8
SL-A1005-R,SL-A1005-R,38,34.55,19,55,45,81.8
SL-A1005-3L,SL-A1005-3L,34,30.91,17,55,45,81.8
SL-A0927-R-2,"A5 Shift Lever | SL-A0927-R-2 | 9x2/3 SPD | Right Side | SHIM",36,32.73,18,55,45,81.8
SL-A0927-3L,"A5 Shift Lever | SL-A0927-3L | 3x9 SPD | Left Side | SHIM",32,29.09,16,55,45,81.8
SL-A0916-R,"A5 Shift Lever | SL-A0916-R | 9x2/3 SPD | Right Side | SRAM",36,32.73,18,55,45,81.8
SL-A0916-2L,"A5 Shift Lever | SL-A0916-2L | 2x9 SPD | Left Side | SRAM",32,29.09,16,55,45,81.8
SL-A0906-R,SL-A0906-R,44,40,22,55,45,81.8
SL-A0905-R,"A5 Shift Lever | SL-A0905-R | 9x3 SPD | Right Side | SRAM",36,32.73,18,55,45,81.8
SL-A0905-3L,"A5 Shift Lever | SL-A0905-3L | 3x9 SPD | Left Side | SRAM/SHIM",32,29.09,16,55,45,81.8
SL-A0827-R,"A3 Shift Lever | SL-A0827-R-2 | 8 SPD | Right-Side | Shim 2:1",32,29.09,16,55,45,81.8
SL-A0827-3L,"A3 Shift Lever | SL-A0827-3L | 8x3 SPD | Left-Side | Shim 2:1",32,29.09,16,55,45,81.8
SL-A0727-R-2,"A2 Shift Lever | SL-A0727-R | 7 SPD | Right-side | SHIM 2:1",25,22.73,12.5,55,45,81.8
SL-A0727-3L,"A2 Shift Lever | SL-A0727-3L | 3 SPD | Left-side | SHIM 2:1",25,22.73,12.5,55,45,81.8
DS-R216-A,"Brake Rotor | DS-R216-A | 160mm | 6-Bolt",18,16.36,9,55,45,81.8
DS-R214-A,"Brake Rotor | DS-R214-A | 140mm | 6-Bolt",18,16.36,9,55,45,81.8
RD-R1012-M,"R7 Rear Derailleur | RD-R1012-M | 10 SPD | Alloy Cage",68,61.82,34,55,45,81.8
RD-R1000-M,"R7 Rear Derailleur | RD-R1000-M |10 SPD Medium Cage",48,43.64,24,55,45,81.8
RD-A1210-L-A,"AX Rear Derailleur | Long | 12 SPD | SHIM",104,94.55,52,55,45,81.8
RD-A1110-LX,RD-A1110-LX,72,65.45,36,55,45,81.8
RD-A1110-L,RD-A1110-L,76,69.09,38,55,45,81.8
RD-A1010-LX,"A5 Rear Derailleur | RD-A1010-LX | XL Cage | Max 46T Sprocket | 10 SPD | SHIM",64,58.18,32,55,45,81.8
RD-A1010-L,RD-A1010-L,64,58.18,32,55,45,81.8
RD-A1000-L,"A7 Rear Derailleur | RD-A1000-L | Long Cage | Max 36T Sprocket | 10 SPD | SHIM",44,40,22,55,45,81.8
RD-A0910-S,"A5 Rear Derailleur | Short Cage | Max. 36T Sprocket | 9 SPD | SRAM",57,51.82,28.5,55,45,81.8
RD-A0910-L,"A5 Rear Derailleur | Long Cage | Max. 42T Sprocket  | 9 SPD | SRAM",57,51.82,28.5,55,45,81.8
RD-A0807-M,"A3 Rear Derailleur | RD-A0807-M-2 | Medium Cage | 8 SPD | SHIM 2:1",33,30,16.5,55,45,81.8
FD-R1101-DW,"R9 Front Derailleur | FD-R1101-DW | 11x2 SPD | Direct Mount | With Outer Cable Stop",36,32.73,18,55,45,81.8
FD-R1101-DT,"R9 Front Derailleur | FD-R1101-DT | 11x2 SPD | Direct Mount | No Outer Cable Stop",44,40,22,55,45,81.8
FD-R1001-DT,"R7 Front Derailleur | FD-R1001-DT | 10x2 SPD | Braze-on",31,28.18,15.5,55,45,81.8
FD-A1108,FD-A1108,42,38.18,21,55,45,81.8
FD-A1012,"A7 Front Derailleur | FD-A1012 | 3 x 10 SPD | Top/Bottom Pull",36,32.73,18,55,45,81.8
FD-A1008,"A7 Front Derailleur | FD-A1008 | 2 x 10 SPD | Top/Bottom Pull",32,29.09,16,55,45,81.8
FD-A0912,"A5 Front Derailleur | 3x9 SPD | Top/Bottom Pull | 31.8/34.9 Clamp",36,32.73,18,55,45,81.8
FD-A0908,"A5 Front Derailleur | 2x9 SPD | Top/Bottom Pull | 31.8/34.9 Clamp",29,26.36,14.5,55,45,81.8
FD-A0802,"A3 Front Derailleur | FD-A0802 | 8x3 SPD | Down-Pull",24,21.82,12,55,45,81.8
FD-A0712,"A2 Front Derailleur | 3x7 SPD | Down Pull | 31.8/34.9mm",23,20.91,11.5,55,45,81.8
BL-M00-2R,"Hydraulic Disc Brake Lever | BL-M00-2R | Right-Side | Two Finger",35,31.82,17.5,55,45,81.8
BL-M00-2L,"Hydraulic Disc Brake Lever | BL-M00-2L | Left-Side | Two Finger",35,31.82,17.5,55,45,81.8
CS-M1200-52T,"Cassette 12 SPD 11-52T",99,90,49,54.4,45.6,83.7
CS-M1100-42T,"Cassette 11 SPD 11-42T",79,71.82,39,54.3,45.7,84.1
CS-M1100-46T,"Cassette 11 SPD 11-46T",79,71.82,39,54.3,45.7,84.1
CS-M1100-50T,"Cassette 11 SPD 11-50T",79,71.82,39,54.3,45.7,84.1
RD-A0707-M-2,"A2 Rear Derailleur | RD-A0707-M-2 | 7 SPD | Medium Cage | SHIM 2:1",33,30,16,53.3,46.7,87.5
RD-A0900-L,"A5 Rear Derailleur | Long Cage | Max. 36T Sprocket | 9 SPD | SRAM",59,53.64,28.5,53.1,46.9,88.2
RD-R0900-M,"LTWOO R5 Rear Der | RD-R0900 | 9 SPD | Medium Cage",22,20,10.29,51.4,48.6,94.4
BR-M00-R,"Hydraulic Brake Caliper | BR-M00-R | Rear | 2 Piston",30,27.27,14,51.3,48.7,94.8
BR-M00-F,"Hydraulic Brake Caliper | BR-M00B-160F | Front | 2 Piston",30,27.27,14,51.3,48.7,94.8
RD-R1112-M,"R9 Rear Derailleur | RD-R1112-M | 11 SPD | Medium Cage",75,68.18,35,51.3,48.7,94.8
BL-M00-3R,"Hydraulic Disc Brake Lever | BL-M00-3R | Right-Side | Three-Finger",35,31.82,16,50.3,49.7,98.9
BL-M00-3L,"Hydraulic Disc Brake Lever | BL-M00-3L | Left-Side | Three Finger",35,31.82,16,50.3,49.7,98.9
ST-A0710-R,"A2 Shift/Brake Lever |ST-A0710-R-2 | 7 SPD | Right-side | SHIM 2:1",33,30,14.5,48.3,51.7,106.9
ST-A0710-3L,"A2 Shift/Brake Lever | ST-A0710-3L | 3 SPD | Left-side | SHIM 2:1",33,30,14.5,48.3,51.7,106.9
